schema	table	scope
morro_auth	auth_session_revocations	global
morro_auth	auth_login_rate_limits	global
morro_auth	auth_session_registry	global
morro_auth	auth_principal_admin_state	global
morro_auth	auth_admin_mutation_replay_guard	global
morro_audit	control_center_audit_entries	destination+tenant
morro_destinations	destinations	destination
morro_content	content_documents	destination
morro_content	media_assets	business
morro_content	place_media	global
morro_content	legacy_place_media_migrations	business
morro_business	business_entities	global
morro_business	business_destinations	destination+business
morro_business	business_places	destination+business
morro_business	business_place_legacy_mappings	destination+business
morro_business	business_place_revision_history	global
morro_business	catalog_products	destination+business
morro_business	catalog_offers	destination+business
morro_business	catalog_menus	business
morro_business	catalog_menu_categories	business
morro_business	catalog_menu_items	business
morro_business	catalog_public_snapshots	business
morro_business	place_media_public_snapshots	business
morro_business	legacy_place_description_migrations	business
morro_business	legacy_place_review_migrations	business
morro_business	legacy_place_publication_migrations	business
morro_ordering	ordering_orders	global
morro_ordering	ordering_checkout_access	destination+tenant
morro_ordering	ordering_subscriptions	global
morro_ordering	ordering_subscription_renewal_intents	global
morro_ordering	ordering_ticketing_reservation_bindings	global
morro_ordering	ordering_restaurant_reservation_bindings	business
morro_financial	financial_payment_idempotency	global
morro_financial	financial_payments	global
morro_financial	financial_ledger_transactions	global
morro_financial	financial_ledger_postings	global
morro_financial	financial_provider_events	global
morro_financial	financial_payment_results	global
morro_financial	financial_refund_requests	global
morro_financial	financial_reconciliation_runs	global
morro_financial	financial_reconciliation_findings	global
morro_financial	financial_reconciliation_run_findings	global
morro_financial	financial_provider_subscriptions	tenant
morro_financial	financial_allocations	global
morro_financial	financial_payables	global
morro_financial	financial_settlements	global
morro_ticketing	ticketing_tickets	destination
morro_ticketing	ticketing_checkins	global
morro_ticketing	ticketing_offline_envelopes	global
morro_ticketing	ticketing_inventory	destination
morro_ticketing	ticketing_reservations	destination
morro_ticketing	ticketing_reservation_events	global
morro_ticketing	ticketing_financial_result_cursor	global
morro_ticketing	ticketing_holder_profiles	global
morro_ticketing	ticketing_offline_devices	destination
morro_ticketing	ticketing_inventory_ownership	business
morro_ticketing	ticketing_admission_profiles	global
morro_ticketing	ticketing_inventory_catalog_bindings	business
morro_ticketing	ticketing_commerce_crm_outbox	destination
morro_notifications	notification_outbox	destination+tenant
morro_notifications	notification_preferences	destination
morro_notifications	notification_dispatch_claims	global
morro_affiliates	affiliate_accounts	global
morro_affiliates	affiliate_memberships	global
morro_affiliates	affiliate_referral_evidence	global
morro_affiliates	affiliate_attributions	global
morro_affiliates	affiliate_conversions	global
morro_affiliates	affiliate_entitlements	global
morro_affiliates	affiliate_entitlement_revisions	global
morro_affiliates	affiliate_idempotency_claims	global
morro_affiliates	affiliate_audit_events	global
morro_affiliates	affiliate_materialization_requests	global
morro_affiliates	affiliate_outbox_events	global
morro_affiliates	affiliate_privacy_requests	global
morro_affiliates	affiliate_legal_holds	global
morro_affiliates	affiliate_programs	destination
morro_analytics	analytics_events	destination+tenant
morro_crm	crm_leads	global
morro_crm	crm_checklist_items	global
morro_crm	crm_meetings	global
morro_crm	crm_proposals	global
morro_crm	crm_contracts	global
morro_crm	crm_follow_up_settings	global
morro_crm	crm_follow_ups	global
morro_crm	crm_interactions	global
morro_crm	crm_audit_events	global
morro_crm	crm_trials	global
morro_crm	crm_referrals	global
morro_crm	crm_settings	global
morro_crm	crm_storage_objects	global
morro_crm	crm_commerce_customers	global
morro_crm	crm_commerce_purchases	destination
morro_commerce	commerce_restaurant_slots	destination+business
morro_commerce	commerce_restaurant_reservations	destination+business
morro_commerce	commerce_restaurant_reservation_events	business
